{
    "Name": "官方 Wiki 中文语言包",
    "Author": "Wiki 中文编辑团队",
    "Description": "Includes translation fixes by our wiki editors \n for a better game experience.\n\n由官方 Terraria Wiki 编辑团队制作维护的简体中文语言包，旨在修正翻译错误，提供更好游戏体验。\n\n更多相关信息与问题报告，请移步：\nhttps://terraria.wiki.gg/zh/wiki/语言包\n\n\n\nOfficial Unofficial Translation\n\nPowered by Official Terraria Wiki Team\n\nFor the players, by the players.",
    "Version": {
        "major": 2,
        "minor": 123
    }
}